{
  "IcoMoonType": "selection",
  "icons": [
    {
      "icon": {
        "paths": [
          "M1237.333 0h-1109.333c-70.571 0-128 53.589-128 119.467v716.971c0 65.877 57.429 119.467 128 119.467h1109.333c70.571 0 128-53.589 128-119.467v-716.971c0-65.877-57.429-119.467-128-119.467zM1237.333 79.616c5.803 0 11.349 1.195 16.384 3.157l-571.051 461.995-571.051-461.995c4.852-1.973 10.479-3.13 16.373-3.157l0.011-0h1109.333zM1237.333 876.203h-1109.333c-23.552 0-42.667-17.835-42.667-39.765v-669.525l569.344 460.629c7.523 6.061 17.196 9.729 27.726 9.729 0.092 0 0.185-0 0.277-0.001l-0.014 0c0.078 0 0.171 0.001 0.263 0.001 10.53 0 20.203-3.668 27.812-9.795l-0.086 0.067 569.344-460.629v669.525c0 21.931-19.115 39.765-42.667 39.765z"
        ],
        "attrs": [
          {
            "fill": "rgb(33, 150, 243)"
          }
        ],
        "width": 1365,
        "isMulticolor": false,
        "isMulticolor2": false,
        "grid": 0,
        "tags": [
          "mail"
        ],
        "colorPermutations": {
          "1171171171331502431": [
            {
              "f": 1
            }
          ]
        }
      },
      "attrs": [
        {
          "fill": "rgb(33, 150, 243)"
        }
      ],
      "properties": {
        "order": 18,
        "id": 1,
        "name": "mail",
        "prevSize": 32
      },
      "setIdx": 0,
      "setId": 3,
      "iconIdx": 0
    },
    {
      "icon": {
        "paths": [
          "M580.267 0h-477.867c-56.457 0-102.4 42.871-102.4 95.573v828.484c0 52.702 45.943 95.573 102.4 95.573h477.867c56.457 0 102.4-42.871 102.4-95.573v-828.484c0-52.702-45.943-95.573-102.4-95.573zM102.4 63.693h477.867c18.842 0 34.133 14.336 34.133 31.881v669.15h-546.133v-669.15c0-17.545 15.292-31.881 34.133-31.881zM580.267 955.938h-477.867c-18.842 0-34.133-14.336-34.133-31.881v-95.573h546.133v95.573c0 17.545-15.292 31.812-34.133 31.812z",
          "M160.7 869.649c6.151 5.58 9.998 13.605 9.998 22.528s-3.847 16.948-9.973 22.505l-0.025 0.023c-6.348 5.812-14.842 9.373-24.166 9.373s-17.818-3.561-24.193-9.398l0.027 0.024c-6.151-5.58-9.998-13.605-9.998-22.528s3.847-16.948 9.973-22.505l0.025-0.023c6.348-5.812 14.842-9.373 24.166-9.373s17.818 3.561 24.193 9.398l-0.027-0.024z"
        ],
        "attrs": [
          {
            "fill": "rgb(117, 117, 117)"
          },
          {
            "fill": "rgb(117, 117, 117)"
          }
        ],
        "width": 683,
        "isMulticolor": false,
        "isMulticolor2": false,
        "grid": 0,
        "tags": [
          "smartphone"
        ],
        "colorPermutations": {
          "1171171171331502431": [
            {
              "f": 0
            },
            {
              "f": 0
            }
          ]
        }
      },
      "attrs": [
        {
          "fill": "rgb(117, 117, 117)"
        },
        {
          "fill": "rgb(117, 117, 117)"
        }
      ],
      "properties": {
        "order": 19,
        "id": 0,
        "name": "smartphone",
        "prevSize": 32
      },
      "setIdx": 0,
      "setId": 3,
      "iconIdx": 1
    }
  ],
  "height": 1024,
  "preferences": {
    "showGlyphs": true,
    "showQuickUse": true,
    "showQuickUse2": true,
    "showSVGs": true,
    "fontPref": {
      "prefix": "icon-",
      "metadata": {
        "fontFamily": "icomoon"
      },
      "metrics": {
        "emSize": 1024,
        "baseline": 6.25,
        "whitespace": 50
      },
      "embed": false
    },
    "imagePref": {
      "prefix": "icon-",
      "png": true,
      "useClassSelector": true,
      "color": 0,
      "bgColor": 16777215,
      "classSelector": ".icon",
      "name": "icomoon"
    },
    "historySize": 50,
    "showCodes": true,
    "gridSize": 16
  }
}